,eLower,eUpper,dead_asymmetry_thrown_beta,dead_asymmetry_type0_beta,dead_corrected_asymmetry_type0_beta,withoutdead_asymmetry_thrown_beta,withoutdead_asymmetry_type0_beta,withoutdead_corrected_asymmetry_type0_beta,err_dead_asymmetry_thrown_beta,err_dead_asymmetry_type0_beta,err_dead_corrected_asymmetry_type0_beta,err_withoutdead_asymmetry_thrown_beta,err_withoutdead_asymmetry_type0_beta,err_withoutdead_corrected_asymmetry_type0_beta,dead_correction_misbs,dead_correction_misbs_thrown,withoutdead_correction_misbs,withoutdead_correction_misbs_thrown,err_dead_correction_misbs,err_dead_correction_misbs_thrown,err_withoutdead_correction_misbs,err_withoutdead_correction_misbs_thrown,dead_precision_type0_corrected_asymmetry,withoutdead_precision_type0_corrected_asymmetry,dead_precision_type0_correction,withoutdead_precision_type0_correction,dead_KE;1,dead_EdepType0;1,dead_EdepType1;1,withoutdead_KE;1,withoutdead_EdepType0;1,withoutdead_EdepType1;1,dead_weighted_corrected_asymmetry_type0,withoutdead_weighted_corrected_asymmetry_type0,dead_err_weight,withoutdead_err_weight,dead_err_weight_asymmetry,withoutdead_err_weight_asymmetry,err_dead_weighted_corrected_asymmetry_type0,err_withoutdead_weighted_corrected_asymmetry_type0
0,50,600,-0.11766867241910167,-0.11916570862546987,-0.12048510900493578,-0.11701365978050919,-0.11834693321956201,-0.11962214029338308,0.0005850140100678667,0.0006133970153887097,0.0006399036079007536,0.0005274120348584585,0.0005400860556671782,0.0005273822277361029,0.01106733010536818,0.018280695012758773,0.010735762172379117,0.021388426646416988,0.001350918904182812,0.004308033333855621,0.0016818620255719323,0.0036087435706915667,-0.005311059708420394,-0.0044087342564065055,0.12206366768870049,0.1566597693360806,174140562.0,170062855.0,2934938.0,174134216.0,170323445.0,3047716.0,-0.11766380782879056,-0.11700431713571052,0.0001454049901810094,0.00014580675310331268,-7.318270012728872e-05,-5.961958204236243e-05,-7.318270012728872e-05,-5.961958204236243e-05
1,75,600,-0.11762792904909478,-0.1191301184124291,-0.12033554293137166,-0.11738606481060387,-0.11860011737529587,-0.11977813350847905,0.0006209662140521489,0.0006522385500746829,0.0006689014084108882,0.00045650018619147737,0.0005322840604149414,0.0005452507313387934,0.010120687176917597,0.017412740550898306,0.009922720330805457,0.020667783514352448,0.0011831020777638675,0.00442826356016447,0.0016358906579428333,0.0035983183301587915,-0.0055586353966289755,-0.004552172549092154,0.11689938213505761,0.16486312255160004,167703507.0,163508167.0,2832580.0,167694898.0,163733236.0,2932438.0,-0.11732517942906458,-0.11694846793361183,0.00014774504290537312,0.00014811790826879163,-7.633953455669866e-05,-6.164121947577051e-05,-7.633953455669866e-05,-6.164121947577051e-05
2,100,600,-0.11770703651961974,-0.11917376834176736,-0.12030432018275693,-0.1174342251707706,-0.11865379841805267,-0.1197232684915052,0.0006686201919110689,0.0007052896567387203,0.0007237053533587887,0.0004921473363469952,0.0005748021052725101,0.0005888128768011692,0.009493909601394863,0.01648872537412877,0.009012414835831453,0.02003205243699749,0.0011897756575492398,0.004591723059499888,0.0016314780543658712,0.0037865057817648997,-0.006015622317298265,-0.004918115619629509,0.12531988480008655,0.18102562787938478,160207151.0,155945922.0,2707268.0,160201636.0,156158461.0,2796873.0,-0.11710443643981433,-0.11670168807466638,0.0001507336199480546,0.00015110467236274057,-8.256752035888365e-05,-6.654957353086985e-05,-8.256752035888365e-05,-6.654957353086985e-05
3,125,600,-0.11775661175317613,-0.11905363688570345,-0.12012356929622173,-0.11731253779285673,-0.11854835132571025,-0.11945826982441582,0.0007334896494795528,0.0007711630033495501,0.0007860605518306405,0.0005338445124566352,0.0006279267235755794,0.0006213398482297303,0.008990926939054804,0.01549913771494118,0.0076750953758419884,0.01934138354539556,0.001262551742389386,0.004702662137294774,0.0015416711502647409,0.003997177874056356,-0.006543766193728683,-0.005201312970152662,0.14042509197857136,0.20086670911182175,151880931.0,147610083.0,2565583.0,151876794.0,147809735.0,2646449.0,-0.11674572915326376,-0.11625933588185565,0.0001543873687754004,0.00015476210031559588,-8.954145320508e-05,-7.002805988124492e-05,-8.954145320508e-05,-7.002805988124492e-05
4,150,600,-0.11783970354178744,-0.11936257849431631,-0.12037700731749622,-0.11722748551558303,-0.11863266088876798,-0.11944823376827539,0.0008158874196455991,0.000836947254617119,0.0008617615645266105,0.00059252131414242,0.0006987547307397644,0.0006935296530348432,0.008513704842777055,0.01570595533399389,0.006879273484983688,0.019915335034030656,0.0013707133187092432,0.005528445506776933,0.001639098837234221,0.004567899523918263,-0.007158855197767968,-0.005806110573223393,0.16100080329565844,0.23826627053163416,142906311.0,138671639.0,2413193.0,142902022.0,138861505.0,2486058.0,-0.11680993502541812,-0.11607086644760381,0.0001587285291024662,0.00015911938371974892,-9.836223694380554e-05,-7.822829137469992e-05,-9.836223694380554e-05,-7.822829137469992e-05
5,175,600,-0.1182299533763231,-0.11931628806017319,-0.1202760915035801,-0.11737408110461797,-0.11852348093922235,-0.11935376363762228,0.0008890933908055247,0.0009473751250356723,0.0009738563939271794,0.0006637021360503965,0.0007883492892850033,0.0007831643868141879,0.008058266024181039,0.014464703238018463,0.007008545493740635,0.018981628764035703,0.0015250562989840952,0.005610576446932925,0.0018558033686476812,0.0048306885203633675,-0.0080968410409162,-0.0065617066688571654,0.18925365511733483,0.2647915134895119,133443489.0,129284140.0,2252774.0,133440162.0,129461234.0,2319387.0,-0.11652716194045,-0.11579486484039872,0.0001638055713287768,0.0001642072092280609,-0.00011111105493007642,-8.834722993032428e-05,-0.00011111105493007642,-8.834722993032428e-05
6,200,600,-0.11763055866635624,-0.118482210654696,-0.11935407688612525,-0.11715244661038504,-0.11822346311250667,-0.11883665505922612,0.0009499088987551216,0.0009591156096064816,0.0009635182248998486,0.0007489007371738437,0.0008864396447108396,0.000841294987462695,0.0073453405441778015,0.013062273691531288,0.005179295320203097,0.017973658283377113,0.0017027604634403152,0.005883747713325996,0.0018148340066775352,0.0051415797592345176,-0.008072771789933356,-0.007079423323076606,0.2318150469946541,0.3504017234928341,123637155.0,119585124.0,2088174.0,123634541.0,119753638.0,2148753.0,-0.11544241764809957,-0.11510635827162115,0.00016968554027800697,0.00017011180631645658,-0.00010881363566981807,-9.443605769379943e-05,-0.00010881363566981807,-9.443605769379943e-05
7,225,600,-0.11669695882433043,-0.11771773009340944,-0.11868845868564257,-0.11724107943335746,-0.11850693665593294,-0.11917787196877241,0.0009458935693569284,0.0010157545033012115,0.0010467968413518283,0.0008698918734311367,0.0010183643376681687,0.000957886438365765,0.008218138628255142,0.014199263145427483,0.0056531242634937015,0.021431040321563535,0.0019185116504728437,0.007652950077131173,0.0020932928248369007,0.006458055523277061,-0.008819702041327936,-0.008037452108699803,0.2334484409738143,0.37028954738440856,113612476.0,109698418.0,1920252.0,113605164.0,109853843.0,1975121.0,-0.11459952824787789,-0.11524253630170919,0.0001764772625875065,0.0001769401244809409,-0.00011747639777634313,-0.00010787611744558346,-0.00011747639777634313,-0.00010787611744558346
8,250,600,-0.11666159417582928,-0.11718156975227736,-0.11819527038434105,-0.11731021079232154,-0.11830871341366372,-0.11875278800414286,0.0011170476333821173,0.001156306207338251,0.001201245322247609,0.0010265605399802872,0.0011982703748277936,0.0011029090676015398,0.008602861958084643,0.011999064036162792,0.0037315557356000124,0.019974107343284413,0.002260291514239723,0.008099282770098444,0.0021863150724980404,0.0069556921330387,-0.01016322665316018,-0.009287437256319938,0.2627371594769793,0.5858990800110597,103483413.0,99735649.0,1749564.0,103480574.0,99886761.0,1800617.0,-0.11391470051835972,-0.1146285809494397,0.0001843221472061953,0.00018482191467238237,-0.00013426449825997748,-0.00012381850117286264,-0.00013426449825997748,-0.00012381850117286264
9,275,600,-0.11642386304720337,-0.11719256669738246,-0.118011610266975,-0.11784657136913547,-0.11903844625304479,-0.11924737263045035,0.0013323914609529172,0.0013891375991962895,0.0014387872186900409,0.0011870271139096632,0.0013688447210586754,0.0012900792488232833,0.0069645150740750405,0.009711802750062644,0.0017379221239883014,0.019783173713988807,0.0025205561659610303,0.009523983075317924,0.002317016123920598,0.008254137498911655,-0.012191912435014699,-0.010818512981592148,0.3619140943988532,1.3332105575613207,93365342.0,89817407.0,1579214.0,93365009.0,89958503.0,1625184.0,-0.11352710334498932,-0.1148965254051278,0.0001934253782897,0.00019395827195235353,-0.00016064756028430832,-0.00014546754899663695,-0.00016064756028430832,-0.00014546754899663695
10,300,600,-0.11650819050036841,-0.1174901520517849,-0.11837183042830413,-0.11805114329858071,-0.11961847650413499,-0.11961398343338195,0.0016252739656623615,0.0016875968231258212,0.0017441349847265243,0.0014432284508668542,0.0016339401805411911,0.0015600708648169184,0.007481639547417238,0.00631031874648385,-7.245900429675617e-05,0.020908848874209296,0.003058897192419287,0.011755383892879263,0.0025964418955547026,0.010515021841261922,-0.014734375386574074,-0.013042545863258433,0.4088538579054185,-35.833253862017806,83371525.0,80045819.0,1409894.0,83366281.0,80176612.0,1450067.0,-0.11364995558330887,-0.1150374446895705,0.0002039882722578576,0.00020460001616690125,-0.00019536260226455502,-0.00017653925006216748,-0.00019536260226455502,-0.00017653925006216748
11,50,625,-0.11759638788270951,-0.11910482554099218,-0.12040588310762916,-0.11675882023682696,-0.1181700238836793,-0.11942375861000991,0.0005625018138629928,0.0005885719263846403,0.0006158934598190518,0.000563842933787175,0.0005457871702035478,0.0005420878813893103,0.010914477238806222,0.016658997241845542,0.010547530636131185,0.020833958606418387,0.0012982622125968111,0.004105894233916236,0.0016138955367445986,0.003029689264039651,-0.005115144243147265,-0.004539196284715438,0.11894863896741328,0.15301169462510067,176837738.0,172552033.0,2977687.0,176834142.0,172823804.0,3092534.0,-0.11748781764773406,-0.11671540358399604,0.00014408032037691162,0.00014448394747622887,-7.027116300391135e-05,-6.120937086557015e-05,-7.027116300391135e-05,-6.120937086557015e-05
12,75,625,-0.11755277092908775,-0.11906668672282796,-0.12025743010425698,-0.11709826037857737,-0.11840043599334546,-0.11955971386389662,0.0005952690611326544,0.0006240273281292042,0.0006414604066393055,0.0005200991381094986,0.0005451853942674946,0.000563800598520199,0.009998380341409773,0.015816062780423676,0.00975907041897013,0.020286990050585017,0.0011326029366702044,0.004196082369197874,0.001563510401666001,0.0030047263611416844,-0.005334060490758804,-0.004715640246195417,0.11327864093940912,0.16021099700508132,170400683.0,165997345.0,2875329.0,170394824.0,166233595.0,2977256.0,-0.11714984800753253,-0.116639934161186,0.00014635440596298067,0.00014673012606007012,-7.303043374863687e-05,-6.366422720991795e-05,-7.303043374863687e-05,-6.366422720991795e-05
13,100,625,-0.11762147877675058,-0.11910252192940053,-0.1202203857842677,-0.1171183387668837,-0.11843324253057128,-0.11948712014749034,0.0006392972086921865,0.0006727363265385127,0.000691524648267647,0.000560170414947153,0.0005877033476561818,0.0006059042129972454,0.009388535672416038,0.014912965769855843,0.008876420187748757,0.019798022910737272,0.0011333318466812767,0.004321550610655895,0.001551351467365173,0.0031291263055427503,-0.005752141317434879,-0.005070874687157414,0.12071444219049615,0.17477219808795774,162904327.0,158435100.0,2750017.0,162901562.0,158658820.0,2841691.0,-0.11692217876919274,-0.11637509950824808,0.0001492560888071051,0.00014963046408707212,-7.8697379079033e-05,-6.837586322559518e-05,-7.8697379079033e-05,-6.837586322559518e-05
14,125,625,-0.11765906394792292,-0.11897993667268232,-0.12003860246338065,-0.11696721239918588,-0.11830758774470672,-0.11920770742388034,0.0006987888575161294,0.0007320834567974547,0.0007472327361374955,0.0006038505566047738,0.0006379938022691428,0.000635832217409644,0.008897310115847112,0.013971179524321963,0.00758972886690351,0.01927961212429871,0.0011961768618129478,0.004399102269907535,0.0014568593100935958,0.00326811666898707,-0.0062249369852956146,-0.00533381801521225,0.1344425277121028,0.19195143010266338,154578107.0,150099261.0,2608332.0,154576720.0,150310094.0,2691267.0,-0.11656052639605824,-0.1159173367658982,0.00015279925365616206,0.00015317775044218547,-8.489611596158827e-05,-7.152724829450419e-05,-8.489611596158827e-05,-7.152724829450419e-05
15,150,625,-0.11772503396027097,-0.11926335807675907,-0.12026783500397047,-0.11684127809420569,-0.11835547910696245,-0.11916474493519236,0.0007741460239011969,0.0007926335167192048,0.0008169614121956193,0.0006649958632603303,0.0007081178135914428,0.000705846181409258,0.00843212073692538,0.013791053344531259,0.00682479643437682,0.019674044992236867,0.001291223162611249,0.005089848164174038,0.0015398828040193062,0.003634153108657924,-0.0067928504089946285,-0.0059232802603918795,0.15313148410657962,0.22563058383145967,145603487.0,141160817.0,2455942.0,145601948.0,141361864.0,2530876.0,-0.11659820927215617,-0.11569454048185777,0.00015700240942419255,0.0001573972508394844,-9.298529957026395e-05,-7.942747143280457e-05,-9.298529957026395e-05,-7.942747143280457e-05
16,175,625,-0.11807634657511742,-0.11920467760048334,-0.12015602912626831,-0.11692237600296063,-0.11821057186100621,-0.11903280488614838,0.0008426566598217036,0.0008919762458016424,0.0009175005456812343,0.0007462637964273685,0.0007924547256816051,0.0007907507857627734,0.007989380202649072,0.01265227324030224,0.006938396616815854,0.019010973484747045,0.0014276365399323175,0.005130266745906122,0.0017338109322847018,0.0037961565308587764,-0.007635909345148722,-0.006643133264977708,0.17869177629811012,0.24988639710832453,136140665.0,131773318.0,2295523.0,136140088.0,131961593.0,2364205.0,-0.11630146389892407,-0.11537937710187408,0.00016190856145482127,0.0001623146932535799,-0.00010436910637583055,-8.893652727610797e-05,-0.00010436910637583055,-8.893652727610797e-05
17,200,625,-0.11748846497870666,-0.11840200534530844,-0.11926928266438194,-0.11664028008777666,-0.11787661410762351,-0.1184934504010723,0.0008910261909118332,0.0008941602699049479,0.0008985799236374264,0.0008330337676155966,0.0008814808779185338,0.0008411296482510964,0.007307337383061384,0.01133146945675028,0.00521205492737649,0.018316069375171717,0.0015825017676949008,0.00532516439714124,0.0016834718898371844,0.003989188574962016,-0.007534043163200598,-0.0070985328337057575,0.21656339166208266,0.322995807468316,126334331.0,122074302.0,2130923.0,126334467.0,122253997.0,2193571.0,-0.11524748907163744,-0.11466623696486836,0.0001675773372155474,0.0001680083335963216,-0.00010117526519562497,-9.409021732665333e-05,-0.00010117526519562497,-9.409021732665333e-05
18,225,625,-0.11659216713225179,-0.11767330415475077,-0.1186321095077988,-0.11663130731385259,-0.11807857465542561,-0.11874997261161815,0.0008764366185598876,0.000937703013162403,0.0009668201925649401,0.0009622894495259376,0.0010123998092302845,0.0009607193509418442,0.008115512091656748,0.011559329813405144,0.005659152635488354,0.020547853585111877,0.0017716197139367206,0.006710684377844452,0.001926818568586878,0.004702417212002063,-0.008149734473881053,-0.008090270084389478,0.2183004219484875,0.34047828229686966,116309652.0,112187596.0,1963001.0,116305090.0,112354202.0,2019939.0,-0.11442774477640678,-0.11471603186326768,0.00017410678167225578,0.00017457433288199263,-0.00010818074897067633,-0.00010774814194383185,-0.00010818074897067633,-0.00010774814194383185
19,250,625,-0.11653912884679257,-0.11716747232719056,-0.11816378288362614,-0.11657723260871732,-0.1178109063300984,-0.11827209541176478,0.0010258033159354074,0.0010574675356627066,0.0010988280614110757,0.0011262941153740752,0.0011762430224137078,0.0010898215733508864,0.00845174562562663,0.009597530082017292,0.003885323349375378,0.019612441133207627,0.0020705808788249284,0.0069883334183874265,0.001998763413545365,0.004959426151776388,-0.009299195020637236,-0.009214528326032173,0.2449885468093949,0.5144394002282191,106180589.0,102224827.0,1792313.0,106180500.0,102387120.0,1845435.0,-0.11376158652636822,-0.11404673386898546,0.00018162335269067634,0.0001821279318151725,-0.00012246847490697722,-0.0001217429328768195,-0.00012246847490697722,-0.0001217429328768195
20,275,625,-0.11629543010766476,-0.11717459828677261,-0.11798836272379329,-0.1169161478447557,-0.11837622784637812,-0.11862498845897809,0.0012096398311820984,0.0012576716471092092,0.0013026760762209094,0.0013221792661955271,0.00135754983495054,0.0012788408417354715,0.006915035152840407,0.007353813376984816,0.00209250852556713,0.019453632741125968,0.0022817884596449977,0.007958222152616289,0.0021122286364008667,0.005620890637772158,-0.011040716610929074,-0.010780535014995677,0.3299749616902142,1.009424148381136,96062518.0,92306585.0,1621963.0,96064935.0,92458862.0,1670002.0,-0.11337515463392972,-0.11417205911480863,0.00019031032764198373,0.00019084852349930597,-0.0001450417432193545,-0.0001433222931549926,-0.0001450417432193545,-0.0001433222931549926
21,300,625,-0.11634305788488097,-0.11744102157722203,-0.11831053322407194,-0.11689237525679974,-0.11875269171167814,-0.11881675471602138,0.0014583927731689136,0.0015101879214622078,0.0015610362816402678,0.001594369292998091,0.0016233106935288517,0.0015397604814482188,0.007373925023454783,0.004272992550956056,0.0005334908243594739,0.019947504985853074,0.0027374255208697466,0.009365314234342727,0.0023660283314756157,0.006622674754087467,-0.013194398157971052,-0.012959119150563669,0.37123045218965706,4.4349934871257535,86068701.0,82534997.0,1452643.0,86066207.0,82676971.0,1494885.0,-0.113453083307452,-0.11413782164201348,0.00020034051430109867,0.00020095618758844493,-0.00017430013654369408,-0.00017290792405977467,-0.00017430013654369408,-0.00017290792405977467
22,50,650,-0.11756635018336915,-0.11907402056935593,-0.12036466291733432,-0.11679856268786347,-0.11833162479610954,-0.11954178038690395,0.0005400665388855113,0.0005655045473822573,0.0005924264767537015,0.0005420690369677672,0.0005526646415743626,0.0005357852834305016,0.010828510342939551,0.015319867365133303,0.010187307479372305,0.023768919185444524,0.0012487312529311134,0.0039016329474653223,0.0016004492193281662,0.003321089246940644,-0.004921930260882101,-0.0044819918332854106,0.11531884011592751,0.1571022787492008,178897147.0,174432207.0,3009501.0,178894001.0,174710919.0,3126117.0,-0.11736058483639028,-0.1167465325474618,0.00014306311109112745,0.00014346870523219887,-6.745486920551988e-05,-6.0500872193593756e-05,-6.745486920551988e-05,-6.0500872193593756e-05
23,75,650,-0.11752245753321844,-0.11903523327509932,-0.12021879964606352,-0.11712799607618003,-0.11856439246228256,-0.11968060563527816,0.0005701438724469167,0.0005981379955953921,0.0006152800446370459,0.0004983507140256231,0.0005514595252771716,0.0005553670125134349,0.009939328228040407,0.014510588874626121,0.009403650372106,0.02332668750378669,0.0010857592639273506,0.003967547046696681,0.0015487103870261466,0.0033477134380957246,-0.005118001896945348,-0.004640409442828971,0.1092386969236264,0.1646924678973687,172460092.0,167877519.0,2907143.0,172454683.0,168120710.0,3010839.0,-0.117024371190404,-0.11667290236840344,0.00014528721798128753,0.00014566566047122462,-6.99029881252978e-05,-6.270984680893127e-05,-6.99029881252978e-05,-6.270984680893127e-05
24,100,650,-0.1175858851389704,-0.11906691623292598,-0.12017965395387693,-0.1171499007059058,-0.11861072120305585,-0.11962156651243676,0.0006107544031271607,0.0006431009707869006,0.0006613406046179261,0.0005351800351971918,0.0005923294588325589,0.0005959393484108026,0.009346749272129614,0.013640264687136095,0.008520870878092944,0.02302844882115486,0.0010824634484075566,0.004062572454237906,0.0015321795540612988,0.0035019447170760824,-0.005502933174293697,-0.004981872130464402,0.1158117562471987,0.17981490108018347,164963736.0,160315274.0,2781831.0,164961421.0,160545935.0,2875274.0,-0.11679314872476557,-0.1164196824050385,0.00014812319572520577,0.00014850066886533696,-7.510068617340277e-05,-6.725412620617256e-05,-7.510068617340277e-05,-6.725412620617256e-05
25,125,650,-0.11761807474368935,-0.11894516402183254,-0.12000045090307881,-0.11700832606279649,-0.11850974678796822,-0.11936806649708437,0.0006654239115003443,0.0006972107846133983,0.0007117915033650828,0.0005754196227860882,0.0006430127468112693,0.00062782812506078,0.00887002510637112,0.012750187902968772,0.007242874595034235,0.02271914801606236,0.001138029250816872,0.00411410584420841,0.0014361538695800951,0.0036744060932816422,-0.005931573573335803,-0.005259598680658156,0.12830056704117485,0.19828506634157825,156637516.0,151979435.0,2640146.0,156636579.0,152197209.0,2724850.0,-0.11643188167000272,-0.11598495498668066,0.00015158292666093498,0.00015196488399990505,-8.069241354575838e-05,-7.065330941765044e-05,-8.069241354575838e-05,-7.065330941765044e-05
26,150,650,-0.11767596062690518,-0.11921219227783508,-0.1202151194736914,-0.11689308858757297,-0.11858189905867061,-0.11934775563021198,0.0007344369940259197,0.0007527107265982964,0.0007758111501269016,0.0006316162237966911,0.0007100934047018392,0.0006946282938191991,0.008420756442035698,0.012336110626284461,0.006464004577596576,0.023526023110852636,0.0012233799746299233,0.004693308464138856,0.001508721997594574,0.004024693519874693,-0.006453523928799029,-0.005820204076324995,0.14528148190142573,0.23340360909143132,147662896.0,143040991.0,2487756.0,147661807.0,143248979.0,2564459.0,-0.11645234035434479,-0.11578108440708278,0.0001556822159600131,0.0001560807248327161,-8.809515532471231e-05,-7.820162094611239e-05,-8.809515532471231e-05,-7.820162094611239e-05
27,175,650,-0.11800379762361636,-0.1191486619205505,-0.12010064357583737,-0.1169778770894122,-0.11847678775887294,-0.11924863435497202,0.0007971485335873627,0.0008429935154463007,0.0008669695251437017,0.0007052283155338482,0.0007934883946278964,0.0007764126700777283,0.007996252771120567,0.011292454586360105,0.006519288174459875,0.023120359473746663,0.0013464628700845136,0.004704096494190739,0.0016921849488347183,0.0042315200764368776,-0.007218691751607935,-0.006510872634117979,0.168386731713563,0.2595659071283371,138200074.0,133653492.0,2327337.0,138199947.0,133848708.0,2397788.0,-0.1161495065867912,-0.11549407930798568,0.00016046011729495214,0.00016087034173940253,-9.83835794296609e-05,-8.738345214077062e-05,-9.83835794296609e-05,-8.738345214077062e-05
28,200,650,-0.11743419449958496,-0.11837649553513198,-0.11924868562589185,-0.11671895653870099,-0.11820239328224419,-0.11877084336787187,0.0008366570178530045,0.0008391024369083954,0.0008431257842519667,0.0007843295370174017,0.0008858884626844651,0.0008341581072891589,0.00734886826427797,0.010061003991160083,0.004806395944800341,0.022715167993216136,0.0014851080632546157,0.004842432141078439,0.0016319704380110967,0.004473980924548896,-0.007070315113552104,-0.007023256580788101,0.20208663563525292,0.3395414062332081,128393740.0,123954476.0,2162737.0,128394326.0,124141112.0,2227154.0,-0.11512561547351262,-0.11483641861919536,0.00016597092388300757,0.00016640624863882212,-9.470522696531848e-05,-9.344431765455717e-05,-9.470522696531848e-05,-9.344431765455717e-05
29,225,650,-0.11657834341912914,-0.11768280395933683,-0.11864237242930172,-0.11672416435183602,-0.11845081216310925,-0.11906235570185797,0.0008164123516857778,0.0008742901645773059,0.0009014315534932528,0.0009004739604041638,0.0010079488734602592,0.000943560821608141,0.008120807695899696,0.00981457633664341,0.005159092525205952,0.025757806887206847,0.001651763475883853,0.0059471585221572065,0.0018632416367306546,0.005088138176333398,-0.007597888806803914,-0.00792492989111433,0.20339891519877393,0.3611568560996633,118369061.0,114067770.0,1994815.0,118364949.0,114241317.0,2053522.0,-0.11433114984767792,-0.11491442724740002,0.00017230496780333584,0.00017277689014671125,-0.00010063633913310713,-0.00010597949305244974,-0.00010063633913310713,-0.00010597949305244974
30,250,650,-0.11652596239278648,-0.11720906836501353,-0.11820406269544337,-0.11669085885803655,-0.1182700403296538,-0.11867256293411294,0.0009487190888574878,0.0009797280415153996,0.0010179463294758611,0.0010467061295092153,0.0011687249688796244,0.0010746954071532914,0.008437911967409074,0.008071902525384833,0.0033917584059584786,0.025230594758151606,0.001916868655516471,0.006120636041477151,0.0019109085382285952,0.00540605694414591,-0.008611771086909534,-0.009055972000452732,0.22717334133376366,0.5633975977981223,108239998.0,104105001.0,1824127.0,108240359.0,104274235.0,1879018.0,-0.1136884173363824,-0.11432418397137782,0.00017957810243726414,0.0001800872331072985,-0.00011321960589001355,-0.0001203274750264773,-0.00011321960589001355,-0.0001203274750264773
31,275,650,-0.11629623134827424,-0.11722424130085018,-0.11804857808788692,-0.1170296237302538,-0.11889164196850278,-0.11908388762691599,0.0011094009082582197,0.0011556480325561713,0.001197334010173979,0.0012167847577100469,0.0013299423475852913,0.0012446755675436798,0.00700074846321853,0.0059976436522030975,0.001614398776907732,0.02579857847344499,0.0020965473840964,0.0068156727829197725,0.0019920603377735716,0.006036552985026621,-0.010142722848237667,-0.010452090474600457,0.2994747483232002,1.2339332550717266,98121927.0,94186759.0,1653777.0,98124794.0,94345977.0,1703585.0,-0.11331425415907788,-0.114497929270757,0.0001879582189101769,0.00018850142884730512,-0.0001330557248249003,-0.00013983964155810544,-0.0001330557248249003,-0.00013983964155810544
32,300,650,-0.11634039877271928,-0.11748169745535013,-0.1183599359404736,-0.11703231466790721,-0.11935339720857796,-0.11936213007142159,0.0013245621135481078,0.0013737702605840095,0.0014202075670132937,0.001453092613341805,0.0015671085778169887,0.0014794019979579988,0.007444100314882118,0.003304085370847834,6.30166718089397e-05,0.02733293789070661,0.0024902510014852062,0.00778240398911297,0.0021969245692856575,0.006916456333110758,-0.011999056570354636,-0.0123942325515872,0.33452679251335976,34.86259280633726,88128110.0,84415171.0,1484457.0,88126066.0,84564086.0,1528468.0,-0.11337329521720282,-0.11453761515353336,0.0001975984335308647,0.00019821826209698046,-0.00015824544060096562,-0.0001666230980671108,-0.00015824544060096562,-0.0001666230980671108
33,50,675,-0.11743716159513069,-0.11895070285135838,-0.1201935831745895,-0.11694493026162793,-0.11839830669668135,-0.11959803079266496,0.0005422012808602059,0.0005653086618534507,0.000607688187692197,0.0005502056338420821,0.0005388377347779001,0.0005209473067014309,0.010421449720872052,0.01434826491099749,0.010099887446215098,0.023325767737386368,0.0012981482307904439,0.0038971948736453007,0.0015466730881009705,0.003524358608467763,-0.005055912068196584,-0.004355818429858136,0.12456503323050304,0.15313765587363862,180380298.0,175764876.0,3031677.0,180373163.0,176048282.0,3149503.0,-0.11711816909559274,-0.11673037996030353,0.00014231307408047028,0.00014272721835875498,-6.911540246366685e-05,-5.876885131167166e-05,-6.911540246366685e-05,-5.876885131167166e-05
34,75,675,-0.11738665080556278,-0.11890516652141571,-0.12004093123067058,-0.11727366704271823,-0.11862880179013109,-0.11973655565999075,0.0005709438580460113,0.0005964857411800909,0.0006296630211433036,0.0005089439377798674,0.0005362105000159334,0.0005385578466371128,0.009532150345583669,0.013531904868102363,0.009332589868613458,0.022878175041472066,0.0011510304707164623,0.0039555276102472585,0.0014928692682228586,0.003559756756976382,-0.005245402669638938,-0.0044978565123121265,0.12075244608890848,0.15996302090200543,173943243.0,169210188.0,2929319.0,173933845.0,169458073.0,3034225.0,-0.11677457652802783,-0.1166554214322076,0.0001445006155719572,0.0001448885147982952,-7.144640404191363e-05,-6.074844871049055e-05,-7.144640404191363e-05,-6.074844871049055e-05
35,100,675,-0.11743653940400368,-0.11892447980108527,-0.11998727565819102,-0.11730734364920482,-0.11867945108858709,-0.11968416449415518,0.0006108906050386954,0.0006400968083099982,0.000674743067386444,0.0005449637127847226,0.0005743868219446372,0.000576829962032878,0.008921974435822525,0.012649555426211687,0.008468988839549793,0.022560494514154473,0.0011518423808708394,0.004040460040790564,0.0014723906683346678,0.003719714887958588,-0.0056234551846030024,-0.00481960136055466,0.1291017351771475,0.17385672554658124,166446887.0,161647943.0,2804007.0,166440583.0,161883298.0,2898660.0,-0.11652784047754855,-0.11640711007776476,0.00014728860783211277,0.0001476762884360101,-7.650584633925133e-05,-6.503174954168284e-05,-7.650584633925133e-05,-6.503174954168284e-05
36,125,675,-0.11745177231091261,-0.11879093790755282,-0.11979260559346706,-0.11718710789082541,-0.11858911051879092,-0.11944532377387052,0.0006639844084045533,0.0006911388692470081,0.0007230795722848027,0.0005868899332211852,0.0006223978846535545,0.0006076495179471119,0.00841378646615416,0.011757297190956896,0.007224143501734355,0.022229974184372513,0.0012084157680353298,0.004084053785506752,0.0013752630953647765,0.0038980815945093817,-0.006036095205564475,-0.005087260838251747,0.1436232988436753,0.19037040100803737,158120667.0,153312104.0,2662322.0,158115741.0,153534572.0,2748236.0,-0.11614962645696784,-0.11598457273790744,0.00015068751860149838,0.00015108054923862113,-8.182301588988265e-05,-6.832247551148408e-05,-8.182301588988265e-05,-6.832247551148408e-05
37,150,675,-0.11748685679508941,-0.11902947454826225,-0.1199736685990596,-0.11709819813689086,-0.11866900338612149,-0.11943553596790438,0.0007310353315334517,0.0007476399856050439,0.0007895180155063897,0.000644020451439504,0.0006846770115245438,0.0006702171052736044,0.007923192618112468,0.011159020084267468,0.006468216189789788,0.022966020312788802,0.0012936756991869026,0.00462993645097536,0.0014399714261534213,0.004272931763848243,-0.006580760801312849,-0.00561153847422521,0.16327707296040636,0.2226226495685852,149146047.0,144373660.0,2509932.0,149140969.0,144586342.0,2587845.0,-0.11613474166883757,-0.11578808536780208,0.00015471123724134222,0.0001551217203841462,-8.94636065534529e-05,-7.53903677536432e-05,-8.94636065534529e-05,-7.53903677536432e-05
38,175,675,-0.11777574678392147,-0.11894190528124612,-0.11982851574950695,-0.11720884800628235,-0.1185801676566995,-0.11935259230541069,0.0007963814284233928,0.000833417162847778,0.0008775280635710831,0.000715180798258937,0.0007628856237783427,0.0007469386942242799,0.007442936054206951,0.010125445837038267,0.006522167013454557,0.02253575889524119,0.00141541282839643,0.00463236618983585,0.0016090657893932606,0.004486251437995865,-0.007323198973819333,-0.00625825279364643,0.190168613311732,0.2467072348920112,139683225.0,134986161.0,2349513.0,139679109.0,135186071.0,2421174.0,-0.11579909698787368,-0.11551339447213473,0.0001593960242035203,0.00015981945050958378,-9.932821004504155e-05,-8.400478936097288e-05,-9.932821004504155e-05,-8.400478936097288e-05
39,200,675,-0.11719355888305369,-0.11816694428543595,-0.11896645260526326,-0.11699648958795779,-0.11833286576653497,-0.11890991153157676,0.0008308499828651982,0.0008256998515103001,0.0008540206506895191,0.0007975581450804818,0.0008501644088343117,0.0008035891587018975,0.006730867688405692,0.008884515530385802,0.0048755296692446735,0.022102323619216806,0.0015509040381343536,0.004750776620985161,0.0015469796423313465,0.004735239141091839,-0.007178667868018248,-0.006757966164061125,0.230416657989857,0.31729468330176475,129876891.0,125287145.0,2184913.0,129873488.0,125478475.0,2250540.0,-0.1147622728179661,-0.11488591390851971,0.00016479241647822474,0.00016524225049356539,-9.567704106018379e-05,-8.998462102237297e-05,-9.567704106018379e-05,-8.998462102237297e-05
40,225,675,-0.11633471078205816,-0.11746660474188425,-0.11833724151930773,-0.11704875215290472,-0.11859323895284503,-0.11921299966496723,0.0008077765409652756,0.0008540155898399554,0.0009071980378726671,0.0009105784978859407,0.0009609160369095728,0.0009025468132655612,0.007359562134130993,0.008261452491797827,0.005225246755845429,0.024960816953507926,0.0017419226005603453,0.005775982816285673,0.001756903218680826,0.005436692718078639,-0.007666209100578452,-0.007570875792086875,0.236688347596379,0.3362335408783129,119852212.0,115400439.0,2016991.0,119844111.0,115578680.0,2076908.0,-0.11394174036084657,-0.11497003086048471,0.0001709853396343139,0.00017147320956546215,-0.00010097329541966166,-0.0001013289024247608,-0.00010097329541966166,-0.0001013289024247608
41,250,675,-0.11624006868808617,-0.11697485500330285,-0.11786261704956992,-0.11707676918893438,-0.1184475643224288,-0.11886972798171758,0.0009321630994865513,0.0009479638636446102,0.0010146845742271839,0.0010524068467191437,0.0011092511009229914,0.001026210216666411,0.007517607676219825,0.006525858561200047,0.0035528678434400295,0.024393881720110477,0.0020169791001552542,0.00591260380035194,0.0017978150324607254,0.005764088622651703,-0.008609045001948618,-0.008633066080745506,0.26830065986756546,0.5060179865063623,109723149.0,105437670.0,1846303.0,109719521.0,105611598.0,1902404.0,-0.11325923321621882,-0.11441921921965471,0.00017808325918174008,0.00017861021782845737,-0.00011244853605373515,-0.00011489440718380444,-0.00011244853605373515,-0.00011489440718380444
42,275,675,-0.11596630639537871,-0.11694227626291422,-0.11764685197059951,-0.1174734534844479,-0.1190720600353806,-0.1192989383824173,0.001079341202697056,0.001110684506765479,0.0011826451573175084,0.0012101680151090416,0.0012500038418890365,0.0011772549034394573,0.005975285714297291,0.004339761077710703,0.0018994494859425925,0.02484802210683562,0.0021899081719600356,0.006514104539992304,0.001875771478230718,0.00642478103968155,-0.01005250151200864,-0.009868108797965342,0.3664943028113551,0.9875342788070385,99605078.0,95519428.0,1675953.0,99603956.0,95683340.0,1726971.0,-0.11282115562654686,-0.11460308748062059,0.00018624343423717863,0.00018680699349350323,-0.00013084963861372824,-0.00013225836533740148,-0.00013084963861372824,-0.00013225836533740148
43,300,675,-0.11593791941797628,-0.11712404743944434,-0.11785364459703272,-0.11756994918879507,-0.11954532745849424,-0.11960692037941631,0.0012787451149732516,0.0013139271979051782,0.001398436189836001,0.001432807738821219,0.0014583112998625377,0.0013857553493403583,0.0061744418062961645,0.001510565620881629,0.0004987091858343188,0.026191344895971302,0.002592516257270006,0.007334952549617525,0.002072712807325809,0.00736384560494848,-0.011865871391738107,-0.011585912796220102,0.41987864467786884,4.156155262827675,89611261.0,85747840.0,1506633.0,89605228.0,85901449.0,1551854.0,-0.11277260633932186,-0.11466303920368899,0.00019560552148044792,0.0001962478918884491,-0.00015498843464637214,-0.00015608743383362024,-0.00015498843464637214,-0.00015608743383362024
